timestamp,copilot_total,copilot_merged,codex_total,codex_merged,devin_commits,jules_commits
2025‑05‑30 00:51:37,10058,2565,69428,57732,1,0
2025‑05‑30 00:52:11,10058,2565,69429,57733,1,0
2025‑05‑30 00:58:26,10060,2565,69448,57747,1,0
2025‑05‑30 03:19:36,10092,2593,69817,58062,1,0
2025‑05‑30 03:48:54,10102,2603,69893,58126,53440,23229
2025‑05‑30 06:01:48,10141,2627,70119,58284,53462,23421
2025‑05‑30 09:01:38,10160,2651,70488,58627,53495,23648
2025‑05‑30 12:01:59,10187,2662,70867,58899,53504,23883
2025‑05‑30 15:01:51,10241,2694,71528,59450,53548,24096
2025‑05‑30 18:01:51,10286,2735,72218,60085,53533,24548
2025‑05‑30 21:01:40,10340,2788,72201,60018,53552,24915
2025‑05‑31 00:04:34,10390,2824,70677,58470,53488,25242
2025‑05‑31 03:19:01,10442,2859,70992,58737,53496,25526
2025‑05‑31 06:01:50,10488,2897,71170,58919,53561,25724
2025‑05‑31 09:01:43,10520,2911,71584,59248,53606,26065
2025‑05‑31 12:01:55,10581,2948,71992,59589,53609,26466
2025‑05‑31 15:01:31,10629,2996,72358,59910,53622,26916
2025‑05‑31 18:01:37,10689,3037,72764,60275,53645,27499
2025‑05‑31 21:01:29,10764,3089,73174,60635,53667,27871
2025‑06‑01 00:05:32,10846,3140,72964,60528,53669,28262
2025‑06‑01 03:29:57,10891,3171,73492,61024,53688,28627
2025‑06‑01 06:01:48,10920,3196,73792,61288,53726,28940
2025‑06‑01 09:01:37,10949,3215,74239,61673,53761,29343
2025‑06‑01 12:01:59,10975,3255,74494,61902,53767,29687
2025‑06‑01 15:01:34,11005,3296,74937,62308,53779,30064
2025‑06‑01 18:01:38,11072,3350,75443,62782,53801,30488
2025‑06‑01 21:01:30,11163,3402,76008,63286,53817,30926
2025‑06‑02 00:04:27,11184,3445,76496,63714,53840,31243
2025‑06‑02 03:25:41,11251,3514,76766,63924,53865,31605
2025‑06‑02 06:01:52,11275,3534,77021,64144,53888,31943
2025‑06‑02 09:01:58,11313,3569,77456,64519,53924,32247
2025‑06‑02 12:01:59,11358,3593,77964,64953,53955,32694
2025‑06‑02 15:01:55,11424,3641,78315,65229,53965,33110
2025‑06‑02 18:01:51,11508,3716,78797,65648,53958,33589
2025‑06‑02 21:01:48,11572,3757,79308,66163,53967,33975
2025‑06‑03 00:04:27,11625,3795,79762,66572,53995,34272
2025‑06‑03 03:21:51,11654,3831,80037,66798,53836,34702
2025‑06‑03 06:01:58,11701,3864,80350,67055,53862,35046
2025‑06‑03 09:02:02,11703,3891,80844,67495,53963,35531
2025‑06‑03 12:02:08,11790,3944,81149,67753,53979,35955
2025‑06‑03 15:01:52,11836,3970,81671,68207,54007,36529
2025‑06‑03 18:01:52,11945,4016,82307,68793,54015,36951
2025‑06‑03 21:01:39,12007,4056,86005,71520,54028,37424
2025‑06‑04 00:04:40,12060,4089,89601,74279,53985,37738
2025‑06‑04 03:22:12,12116,4122,93335,77069,54187,38149
2025‑06‑04 06:01:57,12136,4141,95838,79054,54626,38550
2025‑06‑04 09:01:44,12181,4178,99701,81923,54669,38766
2025‑06‑04 12:02:02,12227,4205,103741,84995,54711,39110
2025‑06‑04 15:12:05,12310,4251,108727,88962,54754,39537
2025‑06‑04 18:01:46,12380,4281,113029,92618,54733,39924
2025‑06‑04 21:01:26,12416,4311,117404,96216,54745,40141
2025‑06‑05 00:04:40,12499,4346,120697,98888,54781,40429
2025‑06‑05 03:22:32,12574,4389,124290,101939,54809,40793
2025‑06‑05 06:01:54,12595,4405,126571,103788,54888,41107
2025‑06‑05 09:01:41,12637,4427,129442,106069,54887,41417
2025‑06‑05 12:02:08,12686,4450,132604,108623,54931,41731
2025‑06‑05 15:01:50,12771,4510,136443,111705,54950,42225
2025‑06‑05 21:01:44,12900,4585,143879,117787,54967,42946
2025‑06‑06 00:04:33,12951,4605,147187,120490,54981,43208
2025‑06‑06 03:22:13,12993,4631,149862,122908,55094,43553
2025‑06‑06 06:01:57,13019,4645,151897,124623,54680,43902
2025‑06‑06 09:01:36,12996,4627,154383,126721,54730,44266
2025‑06‑06 12:02:03,13081,4678,157295,129191,54754,44527
2025‑06‑06 15:01:47,13148,4735,160579,132038,54744,44797
2025‑06‑06 18:01:48,13224,4781,164047,135089,54780,45215
2025‑06‑06 21:01:41,13292,4818,167419,138056,54804,45493
2025‑06‑07 00:04:43,13350,4861,170256,140517,54818,45586
2025‑06‑07 03:20:35,13407,4886,172626,142524,54838,45837
2025‑06‑07 06:01:38,13447,4919,174256,143901,54874,46058
2025‑06‑07 09:01:38,13511,4957,175940,145332,54906,46371
2025‑06‑07 12:01:50,13558,5006,178375,147434,54834,46710
2025‑06‑07 15:01:38,13611,5046,181060,149782,54854,47002
2025‑06‑07 18:01:39,13668,5086,183806,152102,54931,47429
2025‑06‑07 21:01:31,13727,5120,186951,154863,54898,47767
2025‑06‑08 00:04:49,13747,5147,189488,157045,54928,47992
2025‑06‑08 03:27:40,13786,5182,191652,158870,54900,48267
2025‑06‑08 06:01:48,13808,5198,193381,160288,54913,48672
2025‑06‑08 09:01:38,13856,5231,195177,161824,54951,49032
2025‑06‑08 12:01:49,13909,5283,197197,163625,54988,49473
2025‑06‑08 15:01:38,13961,5330,199792,165877,55058,49821
2025‑06‑08 18:01:36,14014,5372,202695,168443,55081,50239
2025‑06‑08 21:01:32,14074,5417,205805,171184,55216,50684
2025‑06‑09 00:04:38,14163,5489,207930,173031,55229,50891
2025‑06‑09 03:26:36,14228,5559,210704,175562,55185,51062
2025‑06‑09 06:01:54,14274,5595,212263,176866,55210,51225
2025‑06‑09 09:01:54,14323,5633,214494,178762,55241,51447
2025‑06‑09 12:02:03,14326,5669,216845,180791,55254,51763
2025‑06‑09 15:01:54,14392,5714,219800,183339,55314,52213
2025‑06‑09 18:01:52,14497,5785,223185,186271,55336,52506
2025‑06‑09 21:01:49,14573,5830,226211,188964,55384,52893
2025‑06‑10 00:04:30,14639,5868,228579,191031,55451,53178
2025‑06‑10 03:23:43,14660,5895,230800,192873,55502,53439
2025‑06‑10 09:02:10,14738,5986,234734,196230,55567,53984
2025‑06‑10 12:02:12,14635,6025,237449,198544,55673,54061
2025‑06‑10 15:01:41,14704,6072,240371,201102,55724,54593
2025‑06‑10 18:01:48,14790,6127,243676,203968,55754,54893
2025‑06‑10 21:01:43,14922,6207,246589,206411,55874,55160
2025‑06‑11 00:04:35,15001,6257,249244,208638,55886,55500
2025‑06‑11 03:23:01,15079,6302,251306,210458,55671,55726
2025‑06‑11 06:01:57,15172,6365,253018,211954,55690,55937
2025‑06‑11 09:02:04,15230,6391,255143,213753,55743,56235
2025‑06‑11 12:02:09,15284,6425,257823,216086,55803,56442
2025‑06‑11 15:01:45,15378,6490,260750,218675,55779,57217
2025‑06‑11 18:02:10,15462,6549,263526,221064,55740,57651
2025‑06‑11 21:01:43,15563,6607,266490,223705,55751,58086
2025‑06‑12 00:04:35,15666,6677,268888,225869,55831,58335
2025‑06‑12 03:21:54,15704,6709,271239,227929,55838,58873
2025‑06‑12 06:01:51,15728,6743,273110,229536,55926,59162
2025‑06‑12 09:01:41,15768,6794,275302,231480,55963,59501
2025‑06‑12 12:02:04,15795,6824,277615,233471,55978,59982
2025‑06‑12 18:01:49,16024,6937,283533,238735,56064,60659
2025‑06‑12 21:01:42,16092,6974,285946,240845,56065,60797
2025‑06‑13 00:04:41,16152,7022,287994,242647,56069,61037
2025‑06‑13 03:23:12,16280,7080,289987,244420,56069,61232
2025‑06‑13 06:01:55,16352,7168,291537,245807,56093,61381
2025‑06‑13 09:01:38,16522,7321,293320,247352,56123,61570
2025‑06‑13 12:01:58,16562,7351,295761,249585,56256,61904
2025‑06‑13 15:01:38,16664,7407,298097,251554,56288,62225
2025‑06‑13 18:01:53,16721,7457,299668,252900,56357,62571
2025‑06‑13 21:01:43,16814,7514,302313,255233,56373,62868
2025‑06‑14 00:04:31,16896,7581,304298,257040,56384,63060
2025‑06‑14 03:20:04,16946,7625,306399,258877,56420,63285
2025‑06‑14 06:01:52,16968,7652,308050,260342,56430,63467
2025‑06‑14 09:01:34,16975,7685,309455,261610,56442,63565
2025‑06‑14 12:01:49,15433,7719,310894,262846,56478,63742
2025‑06‑14 15:01:35,15545,7781,312839,264598,56505,63954
2025‑06‑14 18:01:46,15655,7840,315106,266641,56517,64224
2025‑06‑14 21:01:46,15727,7914,317607,268849,56474,64556
2025‑06‑15 00:04:54,15752,7930,320001,270974,56491,64818
2025‑06‑15 03:27:26,15809,7968,321496,272316,56483,65081
2025‑06‑15 06:01:40,15838,7993,322519,273186,56881,65054
2025‑06‑15 09:01:55,15880,8027,324708,274980,56960,65192
2025‑06‑15 12:01:59,15955,8062,326764,276586,56978,65439
2025‑06‑15 15:01:33,16057,8146,328804,278380,57001,65727
2025‑06‑15 18:01:45,16150,8196,331635,280922,57017,65908
2025‑06‑15 21:01:47,16294,8292,333845,282871,57153,66108
2025‑06‑16 00:04:41,16345,8337,336042,284739,57162,66321
2025‑06‑16 03:26:18,16397,8364,338387,286751,56779,66702
2025‑06‑16 06:02:10,16448,8406,339747,287946,56817,66886
2025‑06‑16 09:02:31,16539,8493,340734,288621,56907,67233
2025‑06‑16 12:02:00,16596,8543,342652,290307,56935,67580
2025‑06‑16 15:01:43,16735,8627,345490,292802,56959,67886
2025‑06‑16 18:01:58,16808,8681,348111,295096,57075,68589
2025‑06‑16 21:01:48,16866,8740,351392,298014,57105,68824
2025‑06‑17 00:04:44,16925,8786,353470,299873,57143,69341
2025‑06‑17 03:23:10,16990,8828,355441,301638,57170,69615
2025‑06‑17 06:01:43,17011,8835,357054,303056,57209,69746
2025‑06‑17 09:02:27,17067,8887,358261,304094,57217,69888
2025‑06‑17 12:02:02,17114,8927,360451,306035,57234,70148
2025‑06‑17 15:01:48,17217,8993,362968,308308,57270,70490
2025‑06‑17 18:01:53,17270,9061,366161,311195,57303,71014
2025‑06‑17 21:01:47,17213,8994,367745,312563,57290,71368
2025‑06‑18 00:04:27,17218,8982,369629,314264,57306,71764
2025‑06‑18 03:22:48,17260,9001,371327,315688,57321,72065
2025‑06‑18 06:01:55,17349,9032,371698,316008,57328,72307
2025‑06‑18 09:02:07,17406,9081,373587,317620,57295,72590
2025‑06‑18 12:02:09,17497,9133,375627,319409,57313,72869
2025‑06‑18 15:01:57,17579,9206,378715,322161,57337,73234
2025‑06‑18 18:02:00,17680,9263,381235,324388,57403,73701
2025‑06‑18 21:01:33,17748,9303,384917,327932,57375,74143
2025‑06‑19 00:04:38,17817,9343,387354,330109,57384,74422
2025‑06‑19 03:22:49,17893,9386,389288,331864,57414,74708
2025‑06‑19 06:01:52,17939,9420,391117,333465,57433,74886
2025‑06‑19 09:01:59,18023,9469,392562,334705,57457,75006
2025‑06‑19 12:02:37,18085,9499,395488,337367,57395,75388
2025‑06‑19 15:01:43,18155,9555,397704,339382,57430,75763
2025‑06‑19 18:01:46,18255,9624,400071,341552,57432,76263
2025‑06‑19 21:01:26,18333,9676,402859,344087,57447,76342
2025‑06‑20 00:04:40,18388,9721,404933,345915,57471,76612
2025‑06‑20 06:01:52,17402,9761,408604,349175,57551,77119
2025‑06‑20 09:01:49,17450,9797,410142,350549,57593,77275
2025‑06‑20 12:01:59,17339,9820,411917,352105,57624,77590
2025‑06‑20 15:01:44,17410,9859,413771,353648,57645,77925
2025‑06‑20 18:01:40,17464,9894,415913,355477,57722,78291
2025‑06‑20 21:01:39,17352,9914,418251,357632,57742,78532
2025‑06‑21 00:04:29,17274,9946,420448,359601,57630,78225
2025‑06‑21 03:21:13,17336,9969,421888,360884,57652,78458
2025‑06‑21 06:01:43,17365,9990,423300,362141,57672,78683
2025‑06‑21 09:01:40,17410,10025,425090,363907,57700,78839
2025‑06‑21 12:01:58,17479,10046,427275,365860,57748,79091
2025‑06‑21 15:01:40,17529,10075,428559,367003,57803,79344
2025‑06‑21 18:01:40,17597,10126,430909,369100,57791,79481
2025‑06‑21 21:01:37,17649,10159,433615,371525,57805,79688
2025‑06‑22 00:04:45,17580,10198,435385,373093,57788,79676
2025‑06‑22 03:28:11,17579,10200,437071,374615,57802,79891
2025‑06‑22 06:01:45,17605,10218,438519,375924,57814,79507
2025‑06‑22 09:01:37,17633,10244,438639,375846,57835,79722
2025‑06‑22 12:02:01,17675,10277,440342,377327,57845,79921
2025‑06‑22 15:01:34,17692,10309,442528,379258,57858,80089
2025‑06‑22 18:01:39,17733,10343,444866,381327,57880,80322
2025‑06‑22 21:01:39,17781,10366,447159,383388,57892,80612
2025‑06‑23 00:04:42,17819,10396,449136,385116,57902,80880
2025‑06‑23 03:28:32,17818,10398,449537,385379,57998,81052
2025‑06‑23 06:01:54,17838,10413,450445,386198,58001,81120
2025‑06‑23 09:02:45,17855,10430,452026,387529,57941,81358
2025‑06‑23 12:01:57,17890,10453,454246,389622,57971,81619
2025‑06‑23 15:01:42,17960,10481,456567,391664,58018,81995
2025‑06‑23 18:01:49,18018,10509,459302,394167,58067,82454
2025‑06‑23 21:01:41,17991,10533,461808,396390,58132,82693
2025‑06‑24 00:04:29,18074,10560,463570,398002,58217,82938
2025‑06‑24 03:23:53,18146,10595,465461,399636,58360,83172
2025‑06‑24 06:01:58,18172,10605,467109,401081,58394,83448
2025‑06‑24 09:02:29,18224,10639,468322,402137,58427,83837
2025‑06‑24 12:01:58,18260,10655,470140,403725,58440,84187
2025‑06‑24 15:01:48,18298,10678,472192,405530,58505,84544
2025‑06‑24 18:01:51,18393,10725,474528,407671,58519,84838
2025‑06‑24 21:01:36,18402,10776,476973,409765,58531,85165
2025‑06‑25 00:04:42,18473,10820,478537,411144,58541,85326
2025‑06‑25 03:24:51,18348,10848,480335,412675,58547,85457
2025‑06‑25 06:01:46,18040,10886,481492,413712,58610,85498
2025‑06‑25 09:02:48,17924,10903,482912,414969,58628,85710
2025‑06‑25 12:02:10,17971,10929,485095,416945,58666,85887
2025‑06‑25 15:01:59,18062,10982,487675,419250,58727,86014
2025‑06‑25 18:02:02,18143,11034,490122,421397,58772,86561
2025‑06‑25 21:01:28,18202,11062,490860,422181,58817,86733
2025‑06‑26 00:04:42,18258,11088,492132,423264,58878,86898
2025‑06‑26 03:23:45,18309,11111,494041,425051,58903,86971
2025‑06‑26 06:01:52,18332,11126,494801,425738,58923,86990
2025‑06‑26 09:02:08,18428,11167,496289,427028,58938,87166
2025‑06‑26 12:02:02,18477,11200,498566,429084,58971,87432
2025‑06‑26 15:01:39,18576,11245,500250,430596,58995,87760
2025‑06‑26 18:01:45,18738,11333,502285,432472,58951,87912
2025‑06‑26 21:01:55,18855,11400,504376,434369,58966,88089
2025‑06‑27 00:04:44,18936,11453,505674,435523,58956,88199
2025‑06‑27 03:24:38,18995,11472,507570,437278,58985,88453
2025‑06‑27 06:01:53,19034,11492,508942,438541,58999,88603
2025‑06‑27 09:01:51,19108,11529,510340,439827,59034,88844
2025‑06‑27 12:02:01,19175,11563,511346,440724,59058,88805
2025‑06‑27 15:01:49,19278,11627,512936,442129,59104,89569
2025‑06‑27 18:01:43,19392,11697,514355,443392,59061,89737
2025‑06‑27 21:01:44,19523,11787,516413,445197,59107,89805
2025‑06‑28 00:04:26,19613,11835,518346,446936,59071,89945
2025‑06‑28 03:21:00,19667,11860,519669,448137,59108,90180
2025‑06‑28 06:01:43,19711,11888,520698,449032,58975,90268
2025‑06‑28 09:01:36,19777,11937,521950,450102,59014,90381
2025‑06‑28 12:01:59,19825,11956,523346,451320,59076,90541
2025‑06‑28 15:01:35,19888,11992,525013,452911,59098,90785
2025‑06‑28 18:01:46,19946,12030,526322,454039,59115,90773
2025‑06‑28 21:01:40,20018,12064,528295,455794,59133,91042
2025‑06‑29 00:05:19,20076,12093,529898,457232,59157,91089
2025‑06‑29 03:29:17,20118,12109,531625,458792,59185,91388
2025‑06‑29 06:01:51,20217,12123,533005,460079,59199,91533
2025‑06‑29 09:01:39,20265,12156,534190,461123,59215,91654
2025‑06‑29 12:01:47,20204,12097,535446,462228,59233,91862
2025‑06‑29 15:01:23,20276,12157,536833,463433,59237,92060
2025‑06‑29 18:01:48,20436,12294,538902,465257,59248,92219
2025‑06‑29 21:01:27,20518,12335,540551,466692,59263,92309
2025‑06‑30 00:04:43,20688,12368,542283,468223,59273,92492
2025‑06‑30 03:28:02,20830,12394,544037,469756,59285,92588
2025‑06‑30 06:01:57,20896,12428,545026,470663,59312,92780
2025‑06‑30 09:02:23,20962,12476,546356,471773,59308,92969
2025‑06‑30 12:01:51,21033,12513,547936,473177,59336,93175
2025‑06‑30 15:01:51,21159,12579,549951,474944,59321,93670
2025‑06‑30 18:01:42,21304,12637,551563,476312,59148,93917
2025‑06‑30 21:01:34,21447,12697,553289,478029,59170,94043
2025‑07‑01 00:05:21,21625,12733,555007,479576,59170,94305
2025‑07‑01 03:29:30,21775,12780,556731,481134,59183,94484
2025‑07‑01 06:01:51,21862,12825,557815,482084,59212,94541
2025‑07‑01 09:02:46,21988,12888,558930,483030,59230,94727
2025‑07‑01 12:02:01,22120,12953,560346,484321,59347,94962
2025‑07‑01 15:02:06,22294,13025,562158,485937,59375,95082
2025‑07‑01 18:01:48,22473,13130,564136,487715,59460,95275
2025‑07‑01 21:01:43,22619,13211,564810,488122,59457,95598
2025‑07‑02 00:04:39,22730,13260,565992,489136,59477,95776
2025‑07‑02 03:24:14,22824,13316,567129,490152,59477,95935
2025‑07‑02 06:01:59,22913,13358,568418,491345,59536,96000
2025‑07‑02 09:02:44,23050,13435,570004,492781,59595,96172
2025‑07‑02 12:01:56,23178,13499,571531,494101,59628,96375
2025‑07‑02 15:01:53,23398,13605,572668,495049,59672,96505
2025‑07‑02 18:01:58,23535,13675,574494,496654,59723,96729
2025‑07‑02 21:01:51,23697,13762,576743,498634,59756,96975
2025‑07‑03 00:04:49,23893,13899,577833,499583,59768,97113
2025‑07‑03 03:25:42,24003,13952,579426,501049,59789,97628
2025‑07‑03 06:01:55,24091,14000,580225,501790,59813,97768
2025‑07‑03 09:02:12,24199,14055,581052,502614,59874,97969
2025‑07‑03 12:02:15,24305,14110,582226,503624,59938,98147
2025‑07‑03 15:01:48,24448,14195,583686,504896,59998,98361
2025‑07‑03 18:01:42,24686,14294,585106,506178,60049,98289
2025‑07‑03 21:01:37,24870,14387,586329,507218,60106,98607
2025‑07‑04 00:04:31,24973,14454,587833,508559,60154,99044
2025‑07‑04 03:23:46,25075,14485,589117,509699,60175,99300
2025‑07‑04 06:01:47,25138,14522,590052,510464,60199,99456
2025‑07‑04 09:01:55,25273,14577,591272,511510,60231,99719
2025‑07‑04 12:01:55,25471,14682,592410,512350,60281,99843
2025‑07‑04 15:01:45,25639,14782,594114,513790,60280,100069
2025‑07‑04 18:01:41,25785,14865,596314,515775,60318,100364
2025‑07‑04 21:01:40,25926,14944,599034,518278,60410,100586
2025‑07‑05 00:04:25,26062,15020,600993,520043,60418,100760
2025‑07‑05 03:21:18,26152,15073,601830,520694,60417,100825
2025‑07‑05 06:01:40,26220,15105,602638,521356,60445,100956
2025‑07‑05 09:01:30,26350,15177,603022,521652,60474,101159
2025‑07‑05 12:01:57,26459,15260,604465,522925,60494,101319
2025‑07‑05 15:01:31,26577,15343,606015,524329,60512,101554
2025‑07‑05 18:01:41,26683,15402,607519,525683,60523,101740
2025‑07‑05 21:01:45,26764,15441,609072,527081,60537,101994
2025‑07‑06 00:05:11,26855,15483,610556,528396,60556,102190
2025‑07‑06 03:28:38,26914,15523,611968,529646,60575,102379
2025‑07‑06 06:01:40,26975,15563,613202,530795,60576,102452
2025‑07‑06 09:01:32,27063,15606,614241,531685,60597,102556
2025‑07‑06 12:01:50,27156,15656,615402,532692,60624,102739
2025‑07‑06 15:01:32,27265,15703,617478,534564,60641,102942
2025‑07‑06 18:01:42,27378,15763,619230,536073,60699,103232
2025‑07‑06 21:01:18,27488,15824,620981,537658,60724,103262
2025‑07‑07 00:04:47,27586,15877,622259,538787,60753,103417
2025‑07‑07 03:28:09,27707,15938,623788,540131,60789,103543
2025‑07‑07 06:01:45,27792,15971,625021,541291,60819,103634
2025‑07‑07 09:02:58,27902,16005,626395,542499,60834,103820
2025‑07‑07 12:02:10,28042,16080,626981,543017,60860,104043
2025‑07‑07 15:01:36,28198,16178,628856,544708,60846,104242
2025‑07‑07 18:01:45,28508,16363,630729,546405,60885,104271
2025‑07‑07 21:01:35,28677,16464,632476,547968,60906,104584
2025‑07‑08 00:04:38,28757,16491,635163,550370,60911,104845
2025‑07‑08 03:24:50,28875,16558,636708,551782,60952,104994
2025‑07‑08 06:01:50,28969,16602,637533,552499,60971,105199
2025‑07‑08 09:02:43,29121,16658,638382,553318,61093,105294
2025‑07‑08 12:02:06,29295,16729,639203,554267,61119,105539
2025‑07‑08 15:01:52,29548,16855,641090,555932,61107,105665
2025‑07‑08 18:01:50,29761,16960,642779,557440,61098,105901
2025‑07‑08 21:01:45,29912,17024,645360,559776,61111,106187
2025‑07‑09 00:04:43,30047,17098,646643,560979,61134,106535
2025‑07‑09 03:26:37,30165,17162,647967,562207,61171,106971
2025‑07‑09 06:01:57,30286,17238,648813,562967,61190,107063
2025‑07‑09 09:03:11,30453,17313,650084,564118,61254,107289
2025‑07‑09 12:02:11,30591,17348,651564,565416,61301,107479
2025‑07‑09 15:01:42,30775,17434,651609,565375,61316,107698
2025‑07‑09 18:01:48,31011,17549,654845,568402,61335,107887
2025‑07‑09 21:01:48,31135,17609,656687,570116,61370,108329
2025‑07‑10 00:04:46,31295,17679,658553,571876,61373,108472
2025‑07‑10 03:26:32,31443,17761,659738,572986,61419,108512
2025‑07‑10 06:01:51,31565,17817,660525,573707,61551,108601
2025‑07‑10 09:02:44,31758,17898,661857,574773,61329,108498
2025‑07‑10 12:02:00,31881,17959,662780,575576,61343,108701
2025‑07‑10 15:01:46,32025,18016,664831,577446,61421,109070
2025‑07‑10 18:01:52,32166,18079,665940,578412,61425,109325
2025‑07‑10 21:01:48,32362,18177,668153,580433,61461,109620
2025‑07‑11 00:04:32,32519,18267,669460,581660,61488,109727
2025‑07‑11 03:29:04,32676,18343,670339,582430,61531,109898
2025‑07‑11 06:02:02,32736,18339,670997,583013,61532,109964
2025‑07‑11 09:02:31,32952,18440,671988,583922,61570,110074
2025‑07‑11 12:01:55,33103,18536,673065,584839,61580,110250
2025‑07‑11 15:01:41,33284,18613,674358,585898,61607,110417
2025‑07‑11 18:01:48,33520,18762,676006,587345,61627,110701
2025‑07‑11 21:01:36,33728,18872,677107,588366,61639,110997
2025‑07‑12 00:04:39,33893,18971,678532,589655,61744,111144
2025‑07‑12 03:28:22,34020,19037,678575,589634,61766,111277
2025‑07‑12 06:01:57,34141,19113,679306,590290,61765,111483
2025‑07‑12 09:01:35,34270,19192,680179,591101,61604,111764
2025‑07‑12 12:01:54,34413,19271,681162,591911,61609,111938
2025‑07‑12 15:01:33,34596,19363,681678,592299,61629,112120
2025‑07‑12 18:01:40,34759,19479,683385,593825,61666,112364
2025‑07‑12 21:01:30,34940,19573,684386,594712,61716,112586
2025‑07‑13 00:05:16,35115,19636,685943,596134,61769,112724
2025‑07‑13 03:29:54,35277,19745,687279,597314,61842,113040
2025‑07‑13 06:01:51,35392,19800,688243,598168,61836,113154
2025‑07‑13 09:01:43,35495,19874,688991,598840,61898,113123
2025‑07‑13 12:01:52,35686,19992,690310,600002,62001,113275
2025‑07‑13 15:01:28,35881,20072,691971,601594,62021,113502
2025‑07‑13 18:01:43,36018,20145,693348,602802,62045,113671
2025‑07‑13 21:01:36,36183,20252,694979,604183,62085,113924
2025‑07‑14 00:04:50,36367,20346,697239,606281,62110,114218
2025‑07‑14 03:29:59,36474,20426,698007,606985,62156,114343
2025‑07‑14 06:01:59,36483,20483,698662,607565,62170,114474
2025‑07‑14 09:04:43,36654,20593,699580,608341,62343,114856
2025‑07‑14 12:02:00,36819,20680,700725,609323,62353,115074
2025‑07‑14 15:01:44,36994,20778,699871,608622,62315,115449
2025‑07‑14 18:01:54,37219,20913,701047,609619,62333,115740
2025‑07‑14 21:01:40,37482,21040,702309,610738,62359,116089
2025‑07‑15 00:04:53,37764,21210,703771,612095,62398,116384
2025‑07‑15 03:29:28,37978,21289,704861,613079,62450,116644
2025‑07‑15 06:01:52,38182,21368,705719,613862,62489,116858
2025‑07‑15 09:06:15,38323,21437,706462,614517,62544,116842
2025‑07‑15 12:02:05,38544,21569,710213,617868,62620,117286
2025‑07‑15 15:01:48,38801,21719,712034,619466,62652,117525
2025‑07‑15 18:01:49,38956,21774,713558,620812,62667,117866
2025‑07‑15 21:01:25,39194,21922,715336,622434,62952,118144
2025‑07‑16 00:04:43,39408,22024,716648,623653,62972,118398
2025‑07‑16 03:29:01,39556,22118,718120,624848,62999,118566
2025‑07‑16 06:01:51,39573,22110,718337,625131,63007,118371
2025‑07‑16 09:03:54,39731,22200,718995,625693,63030,118474
2025‑07‑16 12:02:11,39957,22335,720898,627466,63084,118667
2025‑07‑16 15:01:55,40167,22432,722683,629064,63140,118935
2025‑07‑16 18:01:50,40408,22563,724266,630454,63146,119913
2025‑07‑16 21:01:47,40611,22657,726019,632063,63196,120065
2025‑07‑17 00:04:43,40831,22780,726897,632839,63192,120140
2025‑07‑17 03:28:57,41007,22873,727388,633284,63094,120285
2025‑07‑17 06:01:52,41122,22936,727836,633674,63109,120493
2025‑07‑17 09:03:37,41336,23062,728936,634643,63017,120699
2025‑07‑17 12:02:15,41534,23181,730036,635624,63066,120951
2025‑07‑17 15:01:46,41840,23377,732173,637583,63175,121235
2025‑07‑17 18:01:51,42050,23499,733883,639110,63224,121505
2025‑07‑17 21:01:29,42266,23622,735237,640302,63234,121717
2025‑07‑18 00:04:32,42488,23732,736457,641361,63243,121951
2025‑07‑18 03:29:16,42818,23911,737239,642046,63238,122150
2025‑07‑18 06:01:48,42945,23982,738064,642770,63266,122288
2025‑07‑18 09:03:47,43133,24095,739353,643873,63329,122267
2025‑07‑18 12:02:15,43307,24191,740956,645337,63357,122238
2025‑07‑18 15:01:45,43576,24361,742313,646578,63407,123132
2025‑07‑18 18:01:46,43834,24453,743508,647602,63472,123366
2025‑07‑18 21:01:32,44085,24613,745127,649081,63553,123500
2025‑07‑19 00:04:42,44274,24756,746161,649996,63477,123608
2025‑07‑19 03:27:05,44438,24856,746666,650396,63489,123707
2025‑07‑19 06:01:45,44580,24938,747460,651125,63499,123827
2025‑07‑19 09:01:32,44690,25019,748604,652076,63580,123982
2025‑07‑19 12:01:56,44775,25073,749336,652663,63675,124078
2025‑07‑19 15:01:41,44996,25227,751018,654148,63695,124244
2025‑07‑19 18:01:49,45195,25370,752107,655135,63723,124279
2025‑07‑19 21:01:38,45384,25505,753579,656429,63733,124257
2025‑07‑20 00:05:30,45619,25682,754877,657603,63747,124452
2025‑07‑20 03:31:15,45787,25789,755982,658595,63771,124632
2025‑07‑20 06:01:52,45855,25834,757108,659613,63796,124812
2025‑07‑20 09:01:41,46006,25932,758857,661209,63798,124985
2025‑07‑20 12:01:47,46145,26045,759925,662193,63803,125158
2025‑07‑20 15:01:26,46347,26190,760599,662924,63681,125434
2025‑07‑20 18:01:47,46529,26344,762236,664435,63700,125515
2025‑07‑20 21:01:30,46754,26537,763625,665684,63718,125695
2025‑07‑21 00:04:56,46894,26624,764992,666920,63728,125829
2025‑07‑21 03:30:48,47050,26738,766189,667996,63721,126095
2025‑07‑21 06:01:59,47148,26823,766582,668348,63743,126256
2025‑07‑21 09:04:39,47302,26916,767639,669282,63788,126365
2025‑07‑21 12:02:05,47500,27039,768666,670181,63818,126544
2025‑07‑21 15:01:46,47815,27239,769934,671319,63833,126704
2025‑07‑21 18:02:01,48204,27462,771461,672672,63863,126877
2025‑07‑21 21:01:41,48408,27605,772269,673312,63909,126957
2025‑07‑22 00:04:39,48643,27741,774070,675003,63893,127195
2025‑07‑22 03:29:11,48796,27864,775457,676281,63917,127431
2025‑07‑22 06:01:58,48861,27926,775548,676385,63948,127468
2025‑07‑22 09:03:57,48933,27971,776952,677720,63963,127675
2025‑07‑22 12:01:54,49033,28034,778038,678742,64038,127938
2025‑07‑22 15:01:53,49293,28192,779145,679627,64074,128207
2025‑07‑22 18:01:49,49581,28356,780031,680439,64126,128460
2025‑07‑22 21:01:36,49870,28497,781890,682118,64167,128744
2025‑07‑23 00:04:54,50031,28585,782103,682204,64201,128943
2025‑07‑23 03:29:46,50197,28683,783326,683333,64255,129124
2025‑07‑23 06:02:07,50285,28730,784383,684221,64298,129207
2025‑07‑23 09:04:16,50509,28877,785552,685265,64367,129441
2025‑07‑23 12:01:57,50726,29037,787098,686640,64394,129685
2025‑07‑23 15:02:26,50999,29210,788116,687558,64423,129916
2025‑07‑23 18:01:46,51282,29384,790450,689517,64554,130072
2025‑07‑23 21:01:46,51499,29544,791934,690814,64632,130425
2025‑07‑24 00:04:48,51730,29666,793542,692351,64676,130476
2025‑07‑24 03:29:18,51934,29754,794253,692945,64763,130668
2025‑07‑24 06:01:58,52063,29813,795150,693762,64802,130701
2025‑07‑24 09:03:57,52275,29955,796121,694629,64816,130949
2025‑07‑24 12:01:55,52451,30073,797404,695804,64888,131127
2025‑07‑24 15:02:06,52715,30263,798295,696579,64962,131249
2025‑07‑24 18:01:49,52904,30385,800301,698423,64967,131467
2025‑07‑24 21:01:49,53203,30560,802561,700450,65017,131600
2025‑07‑25 00:04:39,53534,30802,804061,701743,65069,131824
2025‑07‑25 03:29:24,53718,30899,805322,702787,65181,131965
2025‑07‑25 06:01:54,53887,31029,805750,703177,65197,132016
2025‑07‑25 09:03:32,54140,31179,807319,704611,65207,132235
2025‑07‑25 12:02:04,54374,31355,808420,705626,65239,132449
2025‑07‑25 15:01:38,54653,31542,809720,706815,65282,132601
2025‑07‑25 18:01:54,54893,31721,811716,708596,65307,132868
2025‑07‑25 21:01:42,55044,31794,812444,709262,65381,133032
2025‑07‑26 00:04:40,55231,31932,813690,710392,65779,133295
2025‑07‑26 03:28:37,55327,31972,814874,711453,65805,133412
2025‑07‑26 06:01:52,55508,32099,815670,712153,65840,133423
2025‑07‑26 09:01:35,55685,32210,816691,712999,65895,133858
2025‑07‑26 12:01:57,55779,32287,817785,713997,65874,133855
2025‑07‑26 15:01:32,56054,32482,819816,715862,65900,133935
2025‑07‑26 18:01:45,56230,32619,821441,717350,65923,133977
2025‑07‑26 21:01:30,56407,32745,823034,718774,65932,133507
2025‑07‑27 00:05:26,56617,32866,824307,719862,66009,133583
2025‑07‑27 03:31:24,56766,32976,825764,721204,66048,134096
2025‑07‑27 06:01:49,56853,33028,827759,723001,66059,134264
2025‑07‑27 09:01:54,57036,33169,828569,723698,66072,134510
2025‑07‑27 12:01:59,57246,33317,829485,724503,66081,134612
2025‑07‑27 15:01:29,57479,33503,830926,725854,66120,134742
2025‑07‑27 18:01:46,57854,33691,831624,726785,66138,134866
2025‑07‑27 21:01:40,58206,33878,832837,727872,66159,134990
2025‑07‑28 00:05:11,58391,33981,833972,728816,66167,135114
2025‑07‑28 03:30:58,58587,34114,835260,729930,66236,135228
2025‑07‑28 06:02:37,58761,34225,836034,730607,66241,135376
2025‑07‑28 09:04:34,58985,34389,837196,731618,66264,135906
2025‑07‑28 12:02:03,59281,34566,837961,732273,66277,135734
2025‑07‑28 15:02:06,59541,34732,839518,733676,66299,135973
2025‑07‑28 18:01:58,59910,34951,841414,735364,66349,136228
2025‑07‑29 03:32:57,60517,35315,845456,739073,66414,136992
2025‑07‑29 09:04:31,60986,35648,847800,741137,66547,137370
2025‑07‑29 15:02:59,61450,35907,850176,743247,66652,137736
2025‑07‑29 18:02:06,61775,36117,851400,744282,66733,137873
2025‑07‑30 00:05:07,62277,36439,853818,746408,66806,138156
2025‑07‑30 21:01:46,64149,37579,861860,753555,67276,139048
2025‑07‑31 00:04:36,64410,37756,862903,754526,67308,139152
2025‑07‑31 03:30:24,64691,37936,864128,755595,67393,139322
2025‑07‑31 06:01:58,64865,38053,864977,756342,67431,139369
2025‑07‑31 12:02:09,65294,38286,866842,758035,67493,139670
2025‑07‑31 15:01:45,65621,38458,868738,759665,67572,139881
2025‑07‑31 18:01:49,66033,38620,870264,761038,67742,140191
2025‑07‑31 21:01:46,66305,38785,871568,762228,67777,140412
2025‑08‑01 09:04:04,67151,39308,875227,765292,67958,140929
2025‑08‑02 03:28:29,68801,40324,881405,770862,68404,141764
2025‑08‑02 06:01:40,68797,40277,882447,771813,68453,141956
2025‑08‑02 09:02:37,68995,40413,883439,772716,68481,142266
2025‑08‑02 12:02:00,69181,40555,885335,774489,68519,142573
2025‑08‑02 15:01:32,69342,40683,886059,775101,68565,142757
2025‑08‑02 18:01:43,69550,40836,887237,776122,68605,142922
2025‑08‑02 21:01:37,69833,41046,888824,777540,68646,142953
2025‑08‑03 00:05:25,70048,41194,889890,778470,68661,143138
2025‑08‑03 03:33:44,70189,41259,891006,779500,68673,143322
2025‑08‑03 06:01:51,70303,41337,892112,780468,68693,143394
2025‑08‑03 09:01:45,70481,41455,893324,781597,68672,143563
2025‑08‑03 12:01:47,70686,41581,894804,782926,68711,143728
2025‑08‑03 15:01:47,70847,41718,895527,783587,68726,143988
2025‑08‑03 18:01:48,71119,41858,897509,785316,68780,144229
2025‑08‑03 21:01:41,71419,42076,899442,787082,68805,144384
2025‑08‑04 00:05:26,71591,42210,900382,787888,68839,144407
2025‑08‑08 09:04:17,79835,47768,954118,835724,70584,151633
2025‑08‑08 12:02:15,80068,47926,955745,837111,70511,151924
2025‑08‑08 15:01:41,80371,48115,957997,839016,70372,152399
2025‑08‑08 18:01:54,80730,48332,960685,841382,70595,153112
2025‑08‑08 21:01:45,81028,48528,962452,842921,70682,153624
2025‑08‑09 00:04:41,81421,48777,964364,844594,70701,153841
2025‑08‑09 03:25:27,81692,48967,966505,846590,70761,154127
2025‑08‑09 06:01:44,81913,49143,967065,847031,70811,154253
2025‑08‑09 09:01:43,82288,49410,969481,849099,70843,154478
2025‑08‑09 12:01:57,82625,49655,970838,850306,70678,154760
2025‑08‑09 15:01:40,83006,49884,972904,852105,70704,155037
2025‑08‑09 18:01:41,83345,50103,975064,854045,70742,155324
2025‑08‑09 21:01:36,83696,50336,977055,855773,70784,155427
2025‑08‑10 00:05:04,84006,50485,978395,856973,70768,155713
2025‑08‑10 03:30:44,84215,50648,979882,858305,70817,156026
2025‑08‑10 06:01:55,84418,50764,981044,859352,70832,156219
2025‑08‑10 09:01:49,84585,50901,982174,860287,70870,156533
2025‑08‑10 12:01:55,84863,51047,983878,861784,70885,156877
2025‑08‑10 15:01:35,85248,51358,985911,863622,71061,157234
2025‑08‑10 18:01:41,85585,51576,988626,866122,71036,157650
2025‑08‑10 21:01:35,85992,51902,990121,867386,71113,158002
2025‑08‑11 00:05:00,86299,52108,991783,868840,71175,158162
2025‑08‑11 03:30:27,86590,52311,993167,870024,71180,158551
2025‑08‑11 06:02:26,86757,52437,994458,871206,71126,158760
2025‑08‑11 09:03:47,87013,52601,995955,872481,71150,159099
2025‑08‑11 12:02:14,87375,52900,997846,874185,71254,159489
2025‑08‑11 15:02:01,87722,53120,999736,875875,71275,159948
2025‑08‑11 18:02:14,88127,53354,1004916,880735,71315,160864
2025‑08‑11 21:01:44,88488,53609,1010086,885352,71430,161169
2025‑08‑12 00:04:25,88894,53907,1011965,887041,71473,161398
2025‑08‑12 03:23:18,89130,54069,1013189,888056,71581,161682
2025‑08‑12 06:01:56,89267,54130,1013824,888467,71523,161852
2025‑08‑12 09:02:34,89397,54223,1015764,890272,71562,162120
2025‑08‑12 12:02:11,89606,54353,1017301,891639,71575,162580
2025‑08‑12 15:01:29,0,0,0,0,0,0
2025‑08‑12 18:01:56,90193,54751,1021810,895615,71689,163069
2025‑08‑12 21:01:41,90540,54948,1024249,897736,71715,163440
2025‑08‑13 00:04:28,90848,55173,1025736,899023,71760,163806
2025‑08‑13 03:25:21,91049,55271,1027221,900341,71726,164108
2025‑08‑13 06:02:00,91267,55407,1028604,901514,71794,164342
2025‑08‑13 09:02:55,91499,55572,1030475,903152,71786,164690
2025‑08‑13 12:02:09,91703,55715,1031696,904153,71811,164826
2025‑08‑13 15:01:56,91949,55874,1033911,873098,71845,165042
2025‑08‑13 18:02:07,92350,56145,1036682,908594,71890,165448
2025‑08‑13 21:01:49,92675,56358,1039681,911242,71957,165882
2025‑08‑14 00:04:22,92847,56447,1041608,912899,71965,166207
2025‑08‑14 03:25:28,93131,56627,1043871,914793,71998,166727
2025‑08‑14 06:01:57,93302,56726,1045698,916335,72030,166920
2025‑08‑14 09:03:09,93480,56837,1047887,918162,72084,167365
2025‑08‑14 12:02:10,93675,56960,1050314,920160,71972,167633
2025‑08‑14 18:01:55,94482,57433,1053963,923010,72096,168786
2025‑08‑14 21:01:50,94811,57656,1056168,924992,72093,168418
2025‑08‑15 00:04:55,95064,57821,1058239,926848,72142,168772
2025‑08‑15 03:26:21,95305,57994,1059351,927811,72239,169092
2025‑08‑15 06:01:52,95496,58122,1060768,929032,72257,169418
2025‑08‑15 09:01:54,95763,58253,1062530,930526,72234,169681
2025‑08‑15 12:02:10,96014,58442,1062237,930197,72280,170051
2025‑08‑15 15:01:28,96295,58610,1064166,931796,72314,170414
2025‑08‑15 18:01:50,96541,58802,1066533,933841,72353,170815
2025‑08‑15 21:01:38,96870,59037,1068576,935605,72439,171237
2025‑08‑16 00:04:19,97134,59240,1070729,937412,72523,171520
2025‑08‑16 03:21:48,97371,59424,1073041,939435,72491,171850
2025‑08‑16 06:01:42,97539,59564,1074524,940713,72519,172359
2025‑08‑16 09:01:40,97757,59728,1076240,942180,72600,172662
2025‑08‑16 12:01:55,97926,59845,1077887,943585,72617,172933
2025‑08‑16 15:01:41,98323,60107,1080044,945554,72631,173306
2025‑08‑16 18:01:43,98683,60347,1081758,947025,72709,173703
2025‑08‑16 21:01:41,99041,60601,1084115,949095,72757,174125
2025‑08‑17 00:05:02,99458,60900,1086627,951203,72812,174365
2025‑08‑17 03:28:19,99450,60925,1088759,953059,72886,174587
2025‑08‑17 06:01:56,99617,61044,1090043,954185,72901,174874
2025‑08‑17 09:01:35,99774,61105,1091504,955338,72935,175094
2025‑08‑17 12:02:07,100065,61313,1092923,956596,72954,175428
2025‑08‑17 15:01:35,100542,61628,1094890,958299,72969,175823
2025‑08‑17 18:01:43,100806,61816,1096571,959796,73002,176128
2025‑08‑17 21:01:50,101044,62022,1099089,961994,73025,176443
2025‑08‑18 00:05:10,101270,62175,1101460,964066,73070,176915
2025‑08‑18 03:29:43,101584,62396,1103451,965688,73062,177195
2025‑08‑18 06:02:04,101833,62586,1100936,963136,73267,177452
2025‑08‑18 09:03:24,102062,62716,1102182,964118,73274,177706
2025‑08‑18 12:02:08,102320,62912,1104592,966248,73328,178088
2025‑08‑18 18:01:54,102775,63163,1108975,969744,73382,179109
2025‑08‑18 21:01:22,103153,63390,1111286,971771,73509,179530
2025‑08‑19 00:04:37,103441,63570,1114243,974376,73557,180030
2025‑08‑19 03:19:08,103665,63717,1116371,976189,73581,180149
2025‑08‑19 06:01:56,103804,63804,1118300,977786,73620,180693
2025‑08‑19 09:01:54,104056,63965,1121455,980431,73694,181009
2025‑08‑19 12:02:14,104356,64167,1123305,982057,73728,181279
2025‑08‑19 18:02:02,105204,64584,1128820,986830,74152,182264
2025‑08‑19 21:01:28,105826,64921,1131309,988942,74168,182571
2025‑08‑20 00:04:26,106339,65229,1133682,990931,74300,182739
2025‑08‑20 03:18:03,106826,65465,1135570,992613,74399,182617
2025‑08‑20 06:02:11,107177,65647,1136675,993562,74413,182840
2025‑08‑20 12:02:13,108239,66217,1140670,996974,74525,183691
2025‑08‑20 15:01:38,108746,66506,1075401,998860,74583,184000
2025‑08‑20 18:01:50,109293,66830,1144549,1000202,74544,184477
2025‑08‑20 21:01:32,109853,67108,1147158,1002515,74613,184866
2025‑08‑21 00:03:34,110077,67227,1149366,1004451,74669,185089
2025‑08‑21 03:17:57,110457,67402,1151158,1006014,74728,185418
2025‑08‑21 06:01:59,110702,67509,1152690,1007329,75728,185620
2025‑08‑21 12:02:11,111664,68090,1156529,1010637,74842,186363
2025‑08‑21 15:02:01,112199,68365,1157857,1011625,75844,186801
2025‑08‑21 18:02:02,112761,68664,1160179,1013596,74711,187367
2025‑08‑21 21:01:42,113375,69011,1163363,1016311,74630,187676
2025‑08‑22 00:04:24,113732,69195,1166181,1018886,74404,188073
2025‑08‑22 03:18:01,114050,69401,1167636,1020183,74316,188418
2025‑08‑22 06:01:59,114375,69575,1169140,1021566,74327,188810
2025‑08‑22 09:01:48,114835,69848,1170930,1023013,74355,188781
2025‑08‑22 12:02:11,115296,70149,1173219,1025053,74376,189124
2025‑08‑22 15:01:55,115814,70518,1176610,1027796,74416,189709
2025‑08‑22 18:01:57,116644,70855,1179119,1030058,74519,190061
2025‑08‑22 21:01:32,117033,71092,1181754,1032315,74559,190478
2025‑08‑23 00:04:19,117335,71277,1183462,1033756,74606,190924
2025‑08‑23 03:15:39,117548,71393,1184923,1035097,74770,191208
2025‑08‑23 06:01:57,117662,71438,1189172,1039018,74844,191537
2025‑08‑23 09:01:28,118073,71715,1188769,1038375,74870,191790
2025‑08‑23 12:01:56,118388,71921,1190430,1039805,74885,192284
2025‑08‑23 15:01:31,118492,71930,1192499,1041583,74866,192772
2025‑08‑23 18:01:41,118964,72229,1195062,1043853,74891,192962
2025‑08‑23 21:01:51,119329,72462,1197341,1045784,74915,193394
2025‑08‑24 00:04:46,119602,72675,1199610,1047809,74864,194252
2025‑08‑24 03:24:23,119854,72828,1200684,1048876,74894,194583
2025‑08‑24 06:01:52,120103,72980,1202429,1050397,74918,194807
2025‑08‑24 09:01:21,120379,73131,1203989,1051759,74960,194391
2025‑08‑24 12:02:01,120629,73304,1205459,1052996,75010,195229
2025‑08‑24 15:01:28,121041,73555,1210395,1057711,75073,195660
2025‑08‑24 18:01:55,121283,73662,1212584,1059615,75072,196076
2025‑08‑24 21:01:47,121635,73845,1214353,1061083,75100,196572
2025‑08‑25 00:04:30,121967,74071,1216141,1062825,75246,196891
2025‑08‑25 03:22:06,122067,74074,1217323,1063776,75265,197223
2025‑08‑25 06:02:01,122298,74225,1218931,1065285,75289,197489
2025‑08‑25 09:02:07,122662,74450,1220687,1066836,75332,197888
2025‑08‑25 12:02:04,123064,74702,1184044,1068345,75339,198391
2025‑08‑25 15:01:48,123611,75036,1225718,1071156,75338,198891
2025‑08‑25 18:02:04,124094,75335,1228580,1073690,75391,199352
2025‑08‑25 21:01:52,124672,75714,1231174,1075967,75433,199877
2025‑08‑26 00:04:27,124908,75842,1233383,1077931,75463,200325
2025‑08‑26 12:02:16,126217,76629,1240859,1084671,75658,200711
2025‑08‑26 15:02:10,126509,76747,1222894,1085940,75668,201171
2025‑08‑26 18:02:09,127040,77079,1243692,1086827,75689,201850
2025‑08‑26 21:01:30,127570,77373,1246382,1089154,75735,201808
2025‑08‑27 03:15:40,128107,77782,1252456,1094427,75868,202497
2025‑08‑27 12:02:19,129055,78341,1259611,1100394,76030,203529
2025‑08‑27 15:01:47,129491,78575,1262809,1103235,76056,203913
2025‑08‑27 21:01:42,130195,79187,1269029,1108840,76164,204814
2025‑08‑28 00:04:43,130630,79409,1271120,1110736,76161,205084
2025‑08‑28 03:15:27,130949,79611,1272388,1111802,76044,205398
2025‑08‑28 06:02:12,131581,79952,1270579,1110140,76090,205440
2025‑08‑28 09:01:41,132098,80260,1271800,1111262,76143,205708
2025‑08‑28 12:02:22,132476,80475,1274036,1113172,76162,206181
2025‑08‑28 21:01:29,133699,81343,1279912,1118264,76432,206432
2025‑08‑29 06:02:14,134448,81759,1284572,1122784,76671,206816
2025‑08‑29 09:01:38,134838,81965,1286685,1124572,76631,207065
2025‑08‑29 12:02:12,135226,82176,1288627,1126265,76623,207278
2025‑08‑29 15:01:37,135629,82462,1290310,1127648,76660,207568
2025‑08‑29 18:02:04,136245,82821,1291897,1129089,76674,207739
2025‑08‑29 21:01:33,136659,83111,1292713,1130096,76641,208100
2025‑08‑30 00:04:13,136917,83327,1294399,1131533,76651,208336
2025‑08‑30 03:11:27,137172,83537,1295718,1132614,76706,208939
2025‑08‑30 06:01:57,137401,83697,1296813,1133548,77093,209078
2025‑08‑30 09:01:54,137656,83879,1298064,1134441,77122,209211
2025‑08‑30 12:02:05,137884,84025,1299766,1135872,77149,209567
2025‑08‑30 15:01:52,138239,84320,1301728,1137589,77170,209856
2025‑08‑30 18:02:00,139073,84893,1303808,1139391,77252,210161
2025‑08‑30 21:01:24,139404,85112,1305710,1141053,77265,210784
2025‑08‑31 00:05:13,139661,85319,1307147,1142266,77269,210970
2025‑08‑31 03:17:05,139963,85537,1308855,1143736,77233,211071
2025‑08‑31 06:02:01,140297,85732,1309933,1144653,77258,211241
2025‑08‑31 09:01:21,140582,85948,1310777,1145370,77289,211555
2025‑08‑31 12:02:03,140877,86158,1312651,1147089,77330,211752
2025‑08‑31 15:01:30,141418,86512,1314402,1148626,77356,211966
2025‑08‑31 18:02:05,141891,86873,1317216,1151155,77372,212330
2025‑08‑31 21:01:23,142346,87151,1318744,1152331,77388,212565
2025‑09‑01 00:05:13,142696,87416,1320013,1153193,77392,212790
2025‑09‑01 03:26:17,143058,87690,1321308,1154325,77428,212815
2025‑09‑01 06:02:12,143434,87932,1321541,1154530,77472,213111
2025‑09‑01 12:02:21,143996,88242,1325393,1157841,77640,213576
2025‑09‑01 15:01:33,144434,88551,1327241,1159409,77655,213801
2025‑09‑01 18:01:58,144950,88899,1329593,1161501,77714,214044
2025‑09‑01 21:01:40,145283,89045,1331561,1163234,77743,214265
2025‑09‑02 00:04:46,145754,89371,1333826,1164947,77791,214363
2025‑09‑02 03:17:04,146145,89639,1335588,1166459,77848,214488
2025‑09‑02 06:02:17,146417,89822,1336960,1167715,77895,215221
2025‑09‑02 09:01:47,146851,90026,1337976,1168423,77910,214909
2025‑09‑02 12:02:41,147269,90261,1339761,1170009,77911,215287
2025‑09‑02 15:01:55,147825,90648,1341365,1171386,77910,215636
2025‑09‑02 18:01:37,148418,91002,1343648,1173306,77922,215815
2025‑09‑02 21:01:37,148906,91307,1344934,1174418,77939,216183
2025‑09‑03 00:04:11,149317,91550,1346274,1175575,77872,216462
2025‑09‑03 03:09:26,149586,91703,1346896,1176044,77958,216642
2025‑09‑03 06:02:15,149925,91901,1348517,1177507,77946,216957
2025‑09‑03 09:01:39,150297,92121,1350566,1179344,77764,216657
2025‑09‑03 12:02:25,150742,92391,1352053,1180585,77784,217403
2025‑09‑03 15:01:40,151281,92751,1353960,1182193,77856,217889
2025‑09‑03 18:02:15,151823,93121,1355688,1183681,77967,218006
2025‑09‑03 21:01:33,152196,93320,1358043,1185785,77993,218231
2025‑09‑04 00:04:07,152456,93497,1359769,1187251,78062,218469
2025‑09‑04 03:10:00,152671,93622,1361106,1188455,78091,218799
2025‑09‑04 06:02:13,153003,93848,1362713,1189868,78100,218169
2025‑09‑04 09:01:41,153381,94049,1364341,1191249,78087,218264
2025‑09‑04 12:02:26,153528,94128,1365940,1192517,78134,218786
2025‑09‑04 15:01:42,153989,94372,1368078,1194457,78167,219259
2025‑09‑04 18:02:14,154430,94695,1370113,1196357,78197,219871
2025‑09‑04 21:01:49,155000,94982,1372476,1198413,78233,220144
2025‑09‑05 00:04:22,155418,95257,1374075,1199640,78246,220503
2025‑09‑05 03:12:19,155864,95564,1375734,1201000,78266,220488
2025‑09‑05 06:02:16,156160,95753,1377008,1202113,78306,220636
2025‑09‑05 09:01:51,156452,95884,1378790,1203680,78327,220942
2025‑09‑05 12:02:22,156798,96099,1380926,1205589,78359,221324
2025‑09‑05 15:01:55,157293,96390,1383877,1208153,78402,221532
2025‑09‑05 18:01:58,157861,96797,1386125,1210033,78434,221908
2025‑09‑05 21:01:40,158254,97063,1387824,1211502,78448,222102
2025‑09‑06 00:04:14,158574,97267,1389551,1213079,78460,222012
2025‑09‑06 03:09:09,158806,97400,1390793,1214225,78462,222267
2025‑09‑06 06:02:05,159138,97626,1392146,1215516,78473,222370
2025‑09‑06 09:01:35,159334,97721,1393516,1216770,78472,222661
2025‑09‑06 12:02:12,159644,97924,1395286,1218340,78511,222918
2025‑09‑06 15:01:44,160077,98219,1396762,1219677,78488,223217
2025‑09‑06 18:01:50,160518,98496,1398688,1221442,78505,223538
2025‑09‑06 21:01:34,160800,98660,1400481,1223032,78522,223627
2025‑09‑07 00:04:38,161094,98849,1399785,1222565,78541,223928
2025‑09‑07 03:14:57,161244,98967,1402275,1224428,78565,224039
2025‑09‑07 06:02:10,161600,99174,1403843,1225784,78726,224203
2025‑09‑07 09:01:28,161857,99330,1405001,1226753,78739,224540
2025‑09‑07 12:02:09,162172,99531,1406532,1228142,78808,224749
2025‑09‑07 15:01:34,162513,99773,1408564,1229934,78758,225108
2025‑09‑07 18:01:56,162895,100016,1410858,1231945,78747,225418
2025‑09‑07 21:01:25,163297,100296,1412331,1233182,78818,225618
2025‑09‑08 00:04:53,163620,100485,1413296,1234094,78549,225839
2025‑09‑08 03:17:32,164005,100706,1414114,1234639,78548,226080
2025‑09‑08 06:02:20,164189,100820,1415133,1235527,78568,225136
2025‑09‑08 09:01:56,164508,101004,1417043,1237091,78576,226583
2025‑09‑08 12:02:43,165033,101343,1419826,1239497,78589,226956
2025‑09‑08 15:01:40,165445,101622,1421773,1241197,78617,227389
2025‑09‑08 18:02:13,166015,102033,1422170,1241309,78714,227663
2025‑09‑08 21:01:36,166582,102423,1424264,1243206,78642,228056
2025‑09‑09 00:04:22,166899,102614,1426481,1245191,78673,228249
2025‑09‑09 03:14:37,167352,102852,1429331,1247800,78846,228459
2025‑09‑09 06:02:05,167771,103078,1429804,1248070,78851,228665
2025‑09‑09 09:01:52,168253,103349,1432527,1250574,78858,228735
2025‑09‑09 12:02:36,168746,103639,1433789,1251620,78822,229502
2025‑09‑09 15:01:50,169384,104036,1436138,1253708,78847,229955
2025‑09‑09 18:02:26,169958,104392,1436564,1253945,78862,230456
2025‑09‑09 21:02:23,170614,104805,1438058,1255351,78992,230783
2025‑09‑10 00:04:32,170977,105053,1440340,1257326,79014,230951
2025‑09‑10 03:10:00,171300,105255,1441766,1258540,79049,231119
2025‑09‑10 06:02:27,171696,105510,1443202,1259766,79056,231282
2025‑09‑10 09:01:50,172066,105682,1445136,1261375,79072,231530
2025‑09‑10 12:02:40,172531,105998,1446544,1262568,79099,231917
2025‑09‑10 15:01:43,173136,106367,1448394,1264174,79041,232010
2025‑09‑10 18:01:51,173758,106783,1449993,1265478,79154,232328
2025‑09‑10 21:01:39,174363,107208,1453381,1268527,79093,232561
2025‑09‑11 00:04:43,174760,107467,1452833,1267756,79118,232741
2025‑09‑11 03:13:52,175098,107695,1454063,1268962,79147,232927
2025‑09‑11 06:02:32,175415,107870,1454296,1269056,79194,233292
2025‑09‑11 09:01:50,175759,108062,1456278,1270873,79155,233571
2025‑09‑11 12:02:50,176190,108305,1457368,1271714,79189,233862
2025‑09‑11 15:01:48,176542,108491,1461218,1275322,79314,234247
2025‑09‑11 18:01:48,177136,108813,1463664,1277537,79336,234570
2025‑09‑11 21:01:39,177794,109225,1465881,1279348,79355,234948
2025‑09‑12 00:04:35,178559,109753,1468485,1281453,79361,235171
2025‑09‑12 03:09:23,178908,109964,1469887,1282700,79381,235250
2025‑09‑12 06:01:55,179297,110192,1471355,1283804,79413,234640
2025‑09‑12 09:01:54,179780,110464,1473545,1285976,79437,235723
2025‑09‑12 12:02:47,180166,110684,1475474,1287684,79434,236271
2025‑09‑12 15:01:37,180730,110964,1478079,1290051,79395,236564
2025‑09‑12 18:01:51,181058,110983,1480397,1292092,79492,237025
2025‑09‑12 21:02:01,181713,111498,1482187,1293662,79686,236992
2025‑09‑13 00:04:18,182183,111810,1483239,1294584,79692,237153
2025‑09‑13 03:05:24,182549,112043,1484691,1295874,79692,237297
2025‑09‑13 06:02:23,182865,112251,1486341,1297242,79707,237708
2025‑09‑13 09:01:29,183241,112476,1487590,1298290,79711,237670
2025‑09‑13 12:02:22,183537,112682,1489032,1299442,79720,237805
2025‑09‑13 15:01:38,183903,112899,1490363,1300759,79474,238082
2025‑09‑13 18:01:41,184417,113195,1492681,1302774,79485,238336
2025‑09‑13 21:01:31,184828,113405,1494094,1303827,79508,238385
2025‑09‑14 00:04:38,185256,113701,1495952,1305363,79598,238774
2025‑09‑14 03:14:42,185572,113922,1496950,1306262,79612,238877
2025‑09‑14 06:02:12,185836,114088,1497871,1307111,79641,238873
2025‑09‑14 09:01:42,186140,114295,1499230,1308175,79646,239095
2025‑09‑14 12:01:52,186558,114575,1500773,1309479,79650,239240
2025‑09‑14 15:01:33,187066,114920,1501835,1310342,79675,239753
2025‑09‑14 18:01:39,187621,115274,1504518,1312599,79742,240116
2025‑09‑14 21:01:29,188114,115592,1506148,1313945,79805,240312
2025‑09‑15 00:04:46,188492,115842,1506186,1313692,79838,240224
2025‑09‑15 03:18:01,188951,116105,1505747,1313474,79863,240399
2025‑09‑15 06:02:34,189342,116338,1507161,1314638,79884,240574
2025‑09‑15 09:01:44,189757,116580,1507968,1315284,80151,241069
2025‑09‑15 12:02:42,190222,116881,1510618,1317663,80196,241427
2025‑09‑15 18:02:40,191166,117354,1511696,1318371,80266,241720
2025‑09‑15 21:01:32,191927,117787,1514052,1320319,80311,241647
2025‑09‑16 00:04:27,192358,118053,1516177,1322176,80484,241881
2025‑09‑16 03:10:59,192709,118275,1517544,1323363,80419,241949
2025‑09‑16 06:02:31,193064,118522,1517971,1323617,80420,242383
2025‑09‑16 12:02:48,194022,119050,1521768,1326384,80484,242975
2025‑09‑16 18:02:45,195273,119786,1522956,1327468,80660,244016
2025‑09‑16 21:01:40,195815,120131,1524418,1329639,80701,244304
2025‑09‑17 00:04:34,196112,120288,1525283,1330535,80751,244448
2025‑09‑17 03:09:56,196462,120549,1526690,1331604,80901,244662
2025‑09‑17 06:02:29,196879,120806,1528008,1332837,80769,244818
2025‑09‑17 09:02:01,197389,121172,0,0,80787,245024
2025‑09‑17 12:02:48,198016,121513,1487084,1296813,80798,244874
2025‑09‑17 15:01:44,198571,121833,0,1338972,80861,245098
2025‑09‑17 18:01:59,199109,122135,1537971,1341186,81810,245569
2025‑09‑17 21:01:30,199721,122499,1539705,1342609,81768,245698
2025‑09‑18 00:04:28,200274,122780,1541733,1344249,81785,247767
2025‑09‑18 03:11:37,200739,123024,1542963,1345184,81806,247921
2025‑09‑18 06:01:59,201093,123212,1544316,1346250,81754,248219
2025‑09‑18 12:02:47,201808,123505,1500799,1349551,81886,248735
2025‑09‑18 15:01:51,202085,123668,1457433,1350710,82014,249059
2025‑09‑18 18:02:48,202626,124006,1551031,1352033,82030,249791
2025‑09‑18 21:01:31,203054,124270,1551935,1352815,82099,249959
2025‑09‑19 00:04:34,203598,124553,1554449,1354939,82143,250062
2025‑09‑19 03:13:55,204060,124872,1555463,1355648,82172,250044
2025‑09‑19 06:01:55,204232,125019,1556876,1356749,82182,250164
2025‑09‑19 09:02:11,204710,125300,1559344,1358841,82197,250310
2025‑09‑19 12:02:47,205291,125689,1560647,1359907,82247,250532
2025‑09‑19 15:01:46,206007,126101,1562261,1361287,82328,250940
2025‑09‑19 18:01:45,206587,126398,1564502,1363168,82378,251231
2025‑09‑19 21:01:50,207059,126706,1565721,1364087,82412,252023
2025‑09‑20 00:04:29,207328,126829,1567619,1365722,82152,251664
2025‑09‑20 03:09:44,207485,126882,1568380,1366288,82170,251799
2025‑09‑20 06:02:26,207784,127077,1568598,1366309,82177,252380
2025‑09‑20 09:01:50,208161,127310,1570163,1367559,82191,252436
2025‑09‑20 12:02:29,208520,127536,1572762,1369766,82199,252660
2025‑09‑20 15:01:35,208679,127584,1576778,1373348,82160,252865
2025‑09‑20 18:01:39,209241,127979,1579097,1375336,82162,253070
2025‑09‑20 21:01:42,209794,128355,1582660,1378511,82179,253336
2025‑09‑21 00:04:49,210197,128643,1583731,1379255,82214,253820
2025‑09‑21 03:17:47,210507,128819,1586335,1381516,82224,254038
2025‑09‑21 06:01:41,210715,128936,1587609,1382575,82224,254174
2025‑09‑21 09:01:40,211077,129172,1589006,1383711,82163,254559
2025‑09‑21 12:01:55,211412,129351,1590973,1385444,82181,254919
2025‑09‑21 15:01:34,211971,129692,1592810,1387010,82031,255882
2025‑09‑21 18:01:46,212472,130012,1595178,1388907,82036,256260
2025‑09‑21 21:01:36,213032,130403,1596939,1390347,82065,256574
2025‑09‑22 00:04:48,213544,130763,1598828,1391939,83000,256640
2025‑09‑22 03:17:22,213899,130961,1600643,1393447,83011,256950
2025‑09‑22 06:02:21,214146,131093,1602007,1394448,83020,257165
2025‑09‑22 12:02:45,214969,131576,1514540,1399023,83039,258498
2025‑09‑22 21:01:45,216392,132423,1612613,1403616,82819,259463
2025‑09‑23 00:04:28,216752,132616,1614352,1405131,82843,259742
2025‑09‑23 03:12:10,217234,132960,1616287,1406765,82863,259601
2025‑09‑23 06:02:30,217605,133236,1617847,1408041,83274,259784
2025‑09‑23 18:02:02,220132,134886,1624978,1414219,83378,260956
2025‑09‑23 21:01:44,220641,135238,1626907,1415838,83395,261370
2025‑09‑24 00:04:32,221122,135528,1629259,1417915,83419,261527
2025‑09‑24 03:13:16,221413,135717,1633036,1421311,83561,261713
2025‑09‑24 06:02:27,221728,135880,1632956,1421009,83621,262040
2025‑09‑24 09:01:54,222400,136312,1634471,1422626,83633,262629
2025‑09‑24 12:02:57,221100,136603,1637771,1425601,83496,262704
2025‑09‑24 18:02:19,224269,137456,1640964,1428177,83679,263046
2025‑09‑24 21:02:00,224801,137793,1642631,1429789,83701,263392
2025‑09‑25 00:04:35,225182,138001,1644255,1430988,83707,263575
2025‑09‑25 03:14:37,225476,138121,1645917,1432409,83733,263846
2025‑09‑25 06:02:28,225918,138427,1647303,1433780,83768,263999
2025‑09‑25 12:02:45,226741,138872,1650469,1436494,83824,264400
2025‑09‑25 18:01:50,228159,139823,1655957,1441023,83901,265097
2025‑09‑25 21:01:31,228901,140284,1656493,1441216,83937,265477
2025‑09‑26 00:04:37,229374,140523,1658343,1442772,83942,266013
2025‑09‑26 03:13:49,229924,140879,1660175,1444284,83956,266154
2025‑09‑26 06:02:01,230406,141191,1663224,1447144,83997,266305
2025‑09‑26 09:02:09,230866,141475,1663727,1447449,84040,266665
2025‑09‑26 12:02:02,231401,141802,1667188,1450261,84079,266939
2025‑09‑26 15:01:42,231896,142062,1668040,1450937,84115,266711
2025‑09‑26 18:01:45,232453,142415,1670041,1452544,84128,267368
2025‑09‑26 21:01:40,233001,142777,1671634,1453723,84160,267782
2025‑09‑27 00:04:26,233387,143037,1673533,1455284,84166,268056
2025‑09‑27 03:09:50,233823,143362,1675972,1457389,84168,268392
2025‑09‑27 06:01:50,234188,143626,1677810,1458944,84174,268149
2025‑09‑27 09:01:39,234524,143831,1681222,1461908,84179,268393
2025‑09‑27 12:02:34,234890,144068,1683386,1463840,84189,268649
2025‑09‑27 15:01:34,235361,144386,1685507,1465671,84210,268915
2025‑09‑27 18:01:44,235871,144718,1687363,1467187,84107,268820
2025‑09‑27 21:01:27,236338,145065,1690677,1470198,84135,268947
2025‑09‑28 00:04:48,236777,145373,1692720,1471971,84168,269087
2025‑09‑28 03:17:53,237125,145615,1694747,1473636,84184,269236
2025‑09‑28 06:02:25,237418,145820,1695942,1474599,84189,269388
2025‑09‑28 09:01:35,237755,146023,1701874,1480147,84209,269603
2025‑09‑28 12:01:54,238144,146243,1703879,1481878,84204,269973
2025‑09‑28 15:01:25,238781,146714,1707878,1485205,84217,270297
2025‑09‑28 18:01:49,239232,146983,1709984,1486788,84225,270655
2025‑09‑28 21:01:33,239417,147033,1718638,1495128,84195,270797
2025‑09‑29 00:04:46,239654,147146,1720685,1497545,84205,270949
2025‑09‑29 03:16:36,240146,147481,1723641,1500154,84093,271098
2025‑09‑29 06:02:42,240627,147762,1725041,1501225,84133,271052
2025‑09‑29 09:01:52,241123,148088,1726586,1502576,84140,271346
2025‑09‑29 12:02:49,227580,148464,1728462,1504158,84192,271649
2025‑09‑29 15:01:52,242282,148826,1727667,1503099,84206,272180
2025‑09‑29 18:02:10,242979,149198,1730440,1505410,84214,272480
2025‑09‑29 21:01:35,243610,149598,1733811,1508438,84218,272719
2025‑09‑30 00:04:54,244306,150079,1736313,1510557,84452,272834
2025‑09‑30 03:12:43,244715,150355,1737365,1511489,84489,272951
2025‑09‑30 06:02:31,245045,150578,1737491,1511407,84499,273083
2025‑09‑30 09:02:34,245533,150878,1740652,1514107,84500,273569
2025‑09‑30 12:02:05,246153,151275,1740997,1514226,84519,273848
2025‑09‑30 15:01:42,246674,151611,1744135,1516863,84059,274059
2025‑09‑30 18:01:46,247291,151887,1746425,1518716,84076,274401
2025‑09‑30 21:01:37,248109,152289,1748908,1520903,84098,274690
2025‑10‑01 00:05:13,248652,152641,1752298,1523889,84161,274904
2025‑10‑01 03:19:36,249015,152881,1752347,1523746,84257,275305
2025‑10‑01 06:02:32,249136,153139,1754416,1525109,84292,275312
2025‑10‑01 09:01:56,249757,153509,1755871,1526434,84308,275437
2025‑10‑01 12:02:46,250277,153864,1759114,1529359,84321,275493
2025‑10‑01 15:01:45,250860,154278,1757269,1527562,84477,275818
2025‑10‑01 18:01:47,251463,154684,1760297,1530188,84487,276097
2025‑10‑01 21:01:39,251872,154965,1761713,1531260,84507,276400
2025‑10‑02 00:04:23,252363,155327,1764641,1533555,84502,276278
2025‑10‑02 03:11:10,252761,155597,1758293,1527293,84521,276825
2025‑10‑02 06:02:24,253141,155820,1758690,1527652,84468,276996
2025‑10‑02 09:01:44,253686,156200,1760805,1529462,84529,276772
2025‑10‑02 12:02:33,254207,156603,1761871,1530260,84533,277559
2025‑10‑02 15:01:36,254905,157048,1764083,1532123,84574,278081
2025‑10‑02 18:01:50,255475,157393,1765524,1533254,84597,277953
2025‑10‑02 21:01:37,256078,157854,1768047,1535386,84598,278321
2025‑10‑03 00:04:18,256538,158171,1769456,1536595,84599,278571
2025‑10‑03 03:11:02,256924,158429,1771244,1538105,84605,278756
2025‑10‑03 06:01:48,257254,158688,1772991,1539629,84611,278957
2025‑10‑03 09:01:51,257638,159030,1774553,1540963,84620,279062
2025‑10‑03 12:02:13,258102,159342,1776416,1542532,84691,279436
2025‑10‑03 15:01:49,258787,159792,1778236,1544135,84732,279775
2025‑10‑03 18:02:03,259396,160175,1781447,1546977,84775,280058
2025‑10‑03 21:01:33,259936,160554,1784204,1549446,84780,280297
2025‑10‑04 00:04:38,260461,160913,1784847,1549894,84807,280438
2025‑10‑04 03:07:46,260856,161225,1786139,1551007,84893,280631
2025‑10‑04 06:02:18,261127,161381,1788590,1553260,84914,280768
2025‑10‑04 09:01:42,261549,161693,1790263,1554706,84863,280939
2025‑10‑04 12:02:18,262085,162089,1792492,1556665,84780,281221
2025‑10‑04 15:01:33,262570,162418,1794511,1558349,84782,281414
2025‑10‑04 18:01:45,263087,162772,1797923,1561368,84876,281628
2025‑10‑04 21:01:33,263699,163225,1800006,1563127,84981,281747
2025‑10‑05 00:04:49,264173,163570,1802158,1564988,85183,281903
2025‑10‑05 03:16:47,264616,163903,1803964,1566557,85214,281935
2025‑10‑05 06:02:13,264868,164068,1805182,1567578,85218,282110
